{
  "accuracy": 0.8318045329274814,
  "precision": 0.14027777777777778,
  "recall": 0.01318537859007833,
  "f1": 0.024105011933174224,
  "mcc": -0.005809792402621079,
  "threshold": 0.5,
  "num_samples": 97244,
  "num_positive": 15320,
  "num_predicted_positive": 1440,
  "auc_roc": 0.4736064099337819,
  "auc_pr": 0.15446054437652612
}